<?xml version="1.0" encoding="utf-8"?>
<unattend xmlns="urn:schemas-microsoft-com:unattend">
  <settings pass="generalize">
    <component name="Microsoft-Windows-PnpSysprep" processorArchitecture="amd64" publicKeyToken="31bf3856ad364e35" language="neutral" versionScope="nonSxS" xmlns:wcm="http://schemas.microsoft.com/WMIConfig/2002/State" xmlns:xsi="http://www.w3.org/2001/XMLSchema-instance">
      <PersistAllDeviceInstalls>true</PersistAllDeviceInstalls>
    </component>
  </settings>
  <settings pass="oobeSystem">
    <component name="Microsoft-Windows-Shell-Setup" processorArchitecture="amd64" publicKeyToken="31bf3856ad364e35" language="neutral" versionScope="nonSxS" xmlns:wcm="http://schemas.microsoft.com/WMIConfig/2002/State">
      <OOBE>
        <HideEULAPage>true</HideEULAPage>
        <NetworkLocation>Work</NetworkLocation>
        <ProtectYourPC>1</ProtectYourPC>
        <SkipMachineOOBE>true</SkipMachineOOBE>
        <SkipUserOOBE>true</SkipUserOOBE>
      </OOBE>
    </component>
  </settings>
  <settings pass="specialize">
    <component name="Microsoft-Windows-Deployment" processorArchitecture="amd64" publicKeyToken="31bf3856ad364e35" language="neutral" versionScope="nonSxS" xmlns:wcm="http://schemas.microsoft.com/WMIConfig/2002/State" xmlns:xsi="http://www.w3.org/2001/XMLSchema-instance">
      <RunSynchronous>
        <RunSynchronousCommand wcm:action="add">
          <Order>1</Order>
          <Path>"C:\Program Files (x86)\Cloudbase Solutions\Cloudbase-Init\Python27\Scripts\cloudbase-init.exe" --config-file "C:\Program Files (x86)\Cloudbase Solutions\Cloudbase-Init\conf\cloudbase-init-unattend.conf"</Path>
          <Description>Run Cloudbase-Init to set the hostname</Description>
          <WillReboot>Always</WillReboot>
        </RunSynchronousCommand>
      </RunSynchronous>
    </component>
  </settings>
</unattend>
